﻿{
    "ReRoutes": [
        {
            "DownstreamPathTemplate": "/api/values",
            "DownstreamScheme": "http",
            "DownstreamHost": "localhost",
            "DownstreamPort": 9001,
            "UpstreamPathTemplate": "/customers",
            "UpstreamHttpMethod": [ "Get" ]
        },
        {
            "DownstreamPathTemplate": "/api/values/{id}",
            "DownstreamScheme": "http",
            "DownstreamHost": "localhost",
            "DownstreamPort": 9001,
            "UpstreamPathTemplate": "/customers/{id}",
            "UpstreamHttpMethod": [ "Get" ]
        }
    ],
    "GlobalConfiguration": {
        "RequestIdKey": "OcRequestId",
        "AdministrationPath": "/administration"
    }
}